INSERT INTO village (id, name, region, address, intro, status) VALUES
(1, '青禾村', '浙江省湖州市安吉县', '安吉县青禾乡村运营示范片区', '以闲置农房、稻田景观和文旅空间盘活为核心的乡村运营示范村。', 'active');

INSERT INTO role (id, code, name, remark, status) VALUES
(1, 'village_ceo', '乡村CEO', '统筹乡村运营与资源招商', 'active'),
(2, 'operator', '运营专员', '负责日常活动与资源维护', 'active'),
(3, 'approver', '审批人员', '负责流程审批与归档留痕', 'active');

INSERT INTO `user` (id, village_id, openid, username, nickname, phone, status) VALUES
(1, 1, 'demo-openid-001', 'demo_ceo', '林青禾', '13800000001', 'active');

INSERT INTO user_role_rel (user_id, role_id) VALUES
(1, 1), (1, 2);

INSERT INTO resource_tag (id, name, type, sort_no, status) VALUES
(1, '全部', 'filter', 0, 'active'),
(2, '闲置农房', 'category', 1, 'active'),
(3, '土地', 'category', 2, 'active'),
(4, '文旅空间', 'category', 3, 'active'),
(5, '可招商', 'status', 4, 'active'),
(6, '亲子研学', 'scene', 5, 'active'),
(7, '露营营地', 'scene', 6, 'active'),
(8, '农产品展销', 'scene', 7, 'active');

INSERT INTO resource (id, village_id, name, category, lat, lng, address, area, annual_estimate, investment_status, intro, owner, contact, related_projects, occupancy_rate, expected_roi, status) VALUES
(101, 1, '溪畔共创民宿院', '闲置农房', 30.638211, 119.684912, '青禾村溪畔组 12 号', 680.00, 86.50, '可招商', '临溪院落，适合打造轻奢民宿、乡村咖啡与团建接待复合空间。', '青禾村集体经济合作社', '0572-8001001', '溪畔民宿改造,青年主理人计划', 42, 18, 'active'),
(102, 1, '稻田研学基地', '土地', 30.641122, 119.681533, '青禾村东侧稻田片区', 5600.00, 72.30, '可招商', '连片稻田景观，适合研学课程、农事体验和亲子活动。', '青禾村股份经济合作社', '0572-8001002', '四季农事课堂,稻田音乐会', 55, 16, 'active'),
(103, 1, '老粮仓文创空间', '文旅空间', 30.637821, 119.688016, '青禾村老粮仓片区', 920.00, 104.80, '可招商', '原粮仓更新改造，具备展陈、集市、路演和小型发布会承载能力。', '青禾村运营公司', '0572-8001003', '乡创市集,非遗工坊', 68, 22, 'active'),
(104, 1, '云上茶园会客厅', '文旅空间', 30.645019, 119.692802, '青禾村云岭茶园', 780.00, 91.20, '可招商', '茶园视野开阔，适合茶旅接待、品牌快闪和小型会议。', '云岭茶叶合作社', '0572-8001004', '茶旅会客厅,品牌快闪季', 61, 19, 'active'),
(105, 1, '竹林露营坡地', '土地', 30.633908, 119.676221, '青禾村西竹林坡地', 4200.00, 58.60, '洽谈中', '竹林坡地具备露营、轻徒步和自然教育条件。', '青禾村集体经济合作社', '0572-8001005', '自然教育营地,周末露营季', 37, 15, 'active'),
(106, 1, '古井口邻里工坊', '闲置农房', 30.635448, 119.685317, '青禾村古井口 6 号', 430.00, 46.80, '可招商', '位于村庄入口节点，适合手作工坊、农产品展销与游客服务。', '青禾村村委会', '0572-8001006', '邻里工坊,乡礼展销', 35, 14, 'active'),
(107, 1, '荷塘夜游栈道', '文旅空间', 30.639754, 119.679128, '青禾村荷塘片区', 1200.00, 67.20, '已签约', '荷塘水系与栈道资源，适合夜游灯光、摄影和节庆活动。', '青禾文旅运营中心', '0572-8001007', '荷塘夜游,乡村摄影节', 24, 13, 'active'),
(108, 1, '山脚共享厨房', '闲置农房', 30.631988, 119.689932, '青禾村山脚组 3 号', 510.00, 53.90, '可招商', '靠近登山步道入口，适合共享厨房、乡宴和团队餐接待。', '青禾村运营公司', '0572-8001008', '乡宴体验,团建餐饮', 49, 17, 'active');

INSERT INTO resource_tag_rel (resource_id, tag_id) VALUES
(101, 2), (101, 5), (101, 6),
(102, 3), (102, 5), (102, 6),
(103, 4), (103, 5), (103, 8),
(104, 4), (104, 5),
(105, 3), (105, 7),
(106, 2), (106, 5), (106, 8),
(107, 4),
(108, 2), (108, 5);

INSERT INTO workflow (id, village_id, title, category, status, current_node_id, blocker, applicant) VALUES
(201, 1, '老粮仓文创空间招商立项', '项目申报', '进行中', 'review', '需补充消防改造预算明细', '林青禾'),
(202, 1, '溪畔共创民宿院资产流转', '资产流转', '待审批', 'approve', NULL, '王运营'),
(203, 1, '稻田音乐会活动筹备', '活动筹备', '进行中', 'execute', '舞台搭建供应商报价待确认', '陈策划'),
(204, 1, '荷塘夜游村民议事', '村民议事', '已完成', 'archive', NULL, '周书记');

INSERT INTO workflow_node (id, workflow_id, node_key, title, status, sort_no, assignee, remark) VALUES
(301, 201, 'submit', '材料提交', 'done', 1, '林青禾', '立项资料已提交'),
(302, 201, 'review', '部门复核', 'doing', 2, '审批人员', '等待预算附件'),
(303, 201, 'approve', '村委审批', 'pending', 3, '村委会', NULL),
(304, 201, 'archive', '归档留痕', 'pending', 4, '档案员', NULL),
(305, 202, 'submit', '流转申请', 'done', 1, '王运营', NULL),
(306, 202, 'approve', '合同审批', 'doing', 2, '审批人员', NULL),
(307, 202, 'archive', '归档留痕', 'pending', 3, '档案员', NULL),
(308, 203, 'plan', '方案确认', 'done', 1, '陈策划', NULL),
(309, 203, 'execute', '执行筹备', 'doing', 2, '运营专员', '报价待确认'),
(310, 203, 'archive', '活动归档', 'pending', 3, '档案员', NULL),
(311, 204, 'discuss', '村民议事', 'done', 1, '周书记', NULL),
(312, 204, 'archive', '归档留痕', 'done', 2, '档案员', NULL);

INSERT INTO todo_item (id, workflow_id, title, category, status, due_date, assignee) VALUES
(401, 201, '补充老粮仓消防改造预算', '项目申报', '待处理', '2026-04-13 18:00:00', '林青禾'),
(402, 202, '确认溪畔民宿院流转合同', '资产流转', '进行中', '2026-04-14 12:00:00', '审批人员'),
(403, 203, '确认稻田音乐会舞台报价', '活动筹备', '已逾期', '2026-04-11 18:00:00', '陈策划'),
(404, 204, '整理荷塘夜游议事纪要', '村民议事', '已完成', '2026-04-10 10:00:00', '档案员'),
(405, 201, '上传招商合作初稿', '项目申报', '待处理', '2026-04-15 16:00:00', '运营专员');

INSERT INTO approval_record (id, workflow_id, node_id, title, applicant, amount, action, status, remark, handled_at) VALUES
(501, 201, 'review', '老粮仓文创空间招商立项', '林青禾', 18.00, 'supplement', '待补充材料', '请补充消防改造预算明细。', '2026-04-12 09:20:00'),
(502, 202, 'approve', '溪畔共创民宿院资产流转', '王运营', 32.00, 'pending', '待审批', '合同条款待审批。', '2026-04-12 10:15:00'),
(503, 203, 'execute', '稻田音乐会活动筹备', '陈策划', 12.50, 'pending', '进行中', '供应商报价待确认。', '2026-04-11 16:40:00'),
(504, 204, 'archive', '荷塘夜游村民议事', '周书记', 0.00, 'pass', '已通过', '议事纪要已归档。', '2026-04-10 11:30:00');

INSERT INTO archive_record (id, workflow_id, archive_no, archive_title, archive_time, handler, remark) VALUES
(601, 204, 'ARCH-20260410-001', '荷塘夜游村民议事归档', '2026-04-10 11:40:00', '档案员', '议事记录、签字表、现场照片已归档。');

INSERT INTO report_snapshot (id, village_id, stat_date, visitor_count, revenue, project_progress, risk_count, investment_conversion_rate, culture_revenue, product_revenue, service_revenue) VALUES
(701, 1, '2026-03-30', 1180, 12.60, 62.00, 2, 21.50, 6.60, 3.50, 2.50),
(702, 1, '2026-03-31', 1260, 13.20, 63.00, 2, 22.10, 6.90, 3.70, 2.60),
(703, 1, '2026-04-01', 1390, 15.10, 65.00, 1, 22.80, 7.90, 4.20, 3.00),
(704, 1, '2026-04-02', 1510, 16.40, 67.00, 1, 23.60, 8.40, 4.80, 3.20),
(705, 1, '2026-04-03', 1680, 18.20, 69.00, 2, 24.20, 9.60, 5.10, 3.50),
(706, 1, '2026-04-04', 2120, 24.30, 72.00, 3, 25.10, 13.10, 6.80, 4.40),
(707, 1, '2026-04-05', 2360, 26.80, 74.00, 3, 26.30, 14.20, 7.60, 5.00),
(708, 1, '2026-04-06', 1750, 18.90, 75.00, 2, 26.90, 9.80, 5.30, 3.80),
(709, 1, '2026-04-07', 1620, 17.50, 76.00, 2, 27.40, 9.10, 5.00, 3.40),
(710, 1, '2026-04-08', 1810, 19.60, 78.00, 2, 28.00, 10.40, 5.60, 3.60),
(711, 1, '2026-04-09', 1940, 21.30, 79.00, 2, 28.60, 11.30, 6.10, 3.90),
(712, 1, '2026-04-10', 2260, 25.70, 81.00, 3, 29.20, 13.80, 7.10, 4.80),
(713, 1, '2026-04-11', 2680, 31.20, 83.00, 3, 30.10, 17.10, 8.30, 5.80),
(714, 1, '2026-04-12', 2860, 33.60, 85.00, 2, 31.40, 18.00, 9.20, 6.40);

INSERT INTO forecast_result (id, village_id, forecast_date, actual_value, predict_value, upper_value, lower_value, risk_level, strategy) VALUES
(801, 1, '2026-04-06', 1750, 1720, 1860, 1580, 'low', '保持常规运营排班。'),
(802, 1, '2026-04-07', 1620, 1660, 1800, 1510, 'low', '关注工作日团客预约。'),
(803, 1, '2026-04-08', 1810, 1840, 1980, 1680, 'low', '增加农产品展销备货。'),
(804, 1, '2026-04-09', 1940, 1990, 2150, 1830, 'medium', '提前布置导览动线。'),
(805, 1, '2026-04-10', 2260, 2310, 2520, 2100, 'medium', '补充停车与餐饮接待人员。'),
(806, 1, '2026-04-11', 2680, 2760, 3020, 2480, 'high', '启用周末高峰安全预案。'),
(807, 1, '2026-04-12', 2860, 2920, 3180, 2660, 'high', '强化活动现场分流。'),
(808, 1, '2026-04-13', NULL, 2180, 2400, 1960, 'medium', '安排团队游客错峰入场。'),
(809, 1, '2026-04-14', NULL, 1960, 2140, 1780, 'low', '维持基础服务供给。'),
(810, 1, '2026-04-15', NULL, 2050, 2260, 1840, 'medium', '联动研学基地开展预约转化。'),
(811, 1, '2026-04-16', NULL, 2240, 2460, 2020, 'medium', '提前准备活动物料。'),
(812, 1, '2026-04-17', NULL, 2510, 2780, 2260, 'high', '准备周末客流高峰方案。'),
(813, 1, '2026-04-18', NULL, 3020, 3360, 2700, 'high', '开启志愿者和停车分流机制。'),
(814, 1, '2026-04-19', NULL, 3180, 3500, 2860, 'high', '增加安全巡检与餐饮补给。');

INSERT INTO investment_match_record (id, resource_id, investor, score, reason, priority, direction, status) VALUES
(901, 103, '湖州山野文创运营有限公司', 94, '具备文创集市和展陈运营经验，与老粮仓空间定位高度匹配。', '高优先', '文创市集运营', 'active'),
(902, 101, '青旅乡宿联合体', 91, '具备民宿主理人资源，可快速导入周末住宿和团建客群。', '高优先', '精品民宿运营', 'active'),
(903, 102, '亲子研学课程联盟', 88, '课程产品与稻田研学基地匹配，可形成四季研学产品。', '中优先', '研学课程合作', 'active'),
(904, 104, '云岭茶品牌工作室', 86, '品牌快闪与茶旅会客厅场景契合。', '中优先', '茶旅品牌合作', 'active'),
(905, 108, '乡宴供应链服务商', 83, '具备乡宴标准化菜单和团队接待经验。', '中优先', '餐饮接待运营', 'active');
